Threshold,Accuracy,F1,Precision,Recall,AUC,TN,FP,FN,TP
0.3,0.9068736141906873,0.2222222222222222,0.13636363636363635,0.6,0.7181405895691609,403,38,4,6
