Threshold,Accuracy,F1,Precision,Recall,AUC,TN,FP,FN,TP
0.03,0.9149888143176734,0.24,0.15,0.6,0.7723112128146452,403,34,4,6
