Threshold,Accuracy,F1,Precision,Recall,AUC,TN,FP,FN,TP
0.5,0.9356984478935698,0.21621621621621623,0.14814814814814814,0.4,0.7170068027210885,418,23,6,4
