Threshold,Accuracy,F1,Precision,Recall,AUC,TN,FP,FN,TP
0.03,0.022172949002217297,0.04338394793926247,0.022172949002217297,1.0,0.7045351473922903,0,441,0,10
