Threshold,Accuracy,F1,Precision,Recall,AUC,TN,FP,FN,TP
0.03,0.9068736141906873,0.19230769230769232,0.11904761904761904,0.5,0.7131519274376417,404,37,5,5
