Threshold,Accuracy,F1,Precision,Recall,AUC,TN,FP,FN,TP
0.5,0.9290465631929047,0.2,0.13333333333333333,0.4,0.7145124716553288,415,26,6,4
