Model,Accuracy_fold_1,Accuracy_fold_2,Accuracy_fold_3,Accuracy_fold_4,Accuracy_fold_5,F1_fold_1,F1_fold_2,F1_fold_3,F1_fold_4,F1_fold_5,AUC_fold_1,AUC_fold_2,AUC_fold_3,AUC_fold_4,AUC_fold_5,Accuracy Mean,F1 Mean,AUC Mean,AUC Std. Dev,AUC 95% CI
V1000,0.9782608695652174,0.9755434782608695,0.9755434782608695,0.9782016348773842,0.9782016348773842,0.0,0.0,0.0,0.0,0.0,0.6682291666666667,0.596564531104921,0.7140204271123491,0.621866295264624,0.6915041782729805,0.977150219168345,0.0,0.6584369196843083,0.04859130845249229,"(np.float64(0.616), np.float64(0.701))"
